{
  "train_loss": [
    0.0320077815338508,
    0.00561400836822089,
    0.004056390699136647,
    0.003577723456825063,
    0.0032432749528973916,
    0.002920564053333669,
    0.0028122507545591527,
    0.0025682321526696128,
    0.002660538497678603,
    0.0025348946331058757,
    0.0024341390155985746,
    0.002289116961296587,
    0.0022831879836553775,
    0.002240990345365523,
    0.002212122108160305,
    0.0021424984616751908,
    0.002201613702738139,
    0.002126408185536661,
    0.002066286431688876,
    0.002025087742454405,
    0.0020202278868762785,
    0.001953776397530643,
    0.0018963970077997857,
    0.0019132627848299792,
    0.0017900163366148783,
    0.0018424108219295071,
    0.0019068357383839872,
    0.0018295028044774673,
    0.0019807353352574164,
    0.0016767638962003524
  ],
  "val_loss": [
    0.00474658176323399,
    0.0023518661538794792,
    0.0028372249345119294,
    0.004563344761977933,
    0.0019024164886695992,
    0.0017330428799244935,
    0.0017078191710830895,
    0.0017305764946126147,
    0.0015485164010458539,
    0.0017228759250740647,
    0.0015071296249343747,
    0.001470728963195743,
    0.0014261530723271736,
    0.001445850686441081,
    0.0013426638617368219,
    0.0014945532723769064,
    0.0015315016717140921,
    0.001585898771256822,
    0.0014265920687199772,
    0.0012090061790163758,
    0.001403858522456015,
    0.0013184698714097005,
    0.0012809978012177157,
    0.0013571687134665534,
    0.0014070600487956896,
    0.0018228111287720917,
    0.0014428171472522264,
    0.0013993035522562862,
    0.0012665963353411908,
    0.0014698215028121134
  ],
  "train_acc": [
    0.9948304761904762,
    0.9985619047619048,
    0.9988609523809524,
    0.9989476190476191,
    0.9990447619047619,
    0.9991028571428572,
    0.9991180952380952,
    0.9992047619047619,
    0.9992,
    0.9992047619047619,
    0.9992438095238095,
    0.9992485714285714,
    0.9992914285714286,
    0.9992704761904762,
    0.9992847619047619,
    0.9992933333333334,
    0.9992952380952381,
    0.9993304761904762,
    0.9992914285714286,
    0.9993114285714285,
    0.999352380952381,
    0.99934,
    0.9993723809523809,
    0.9993628571428571,
    0.9993619047619048,
    0.9993961904761904,
    0.9993809523809524,
    0.9993971428571429,
    0.9993761904761905,
    0.9993933333333334
  ],
  "val_acc": [
    0.9987066666666666,
    0.9992466666666666,
    0.9992466666666666,
    0.9994,
    0.9994,
    0.9994333333333333,
    0.9994333333333333,
    0.99932,
    0.9994333333333333,
    0.9994,
    0.9994866666666666,
    0.9994866666666666,
    0.9994333333333333,
    0.99954,
    0.9995,
    0.9995533333333333,
    0.9995466666666667,
    0.99958,
    0.9993,
    0.9994933333333333,
    0.9995133333333334,
    0.9995066666666667,
    0.99958,
    0.99956,
    0.9993466666666667,
    0.9994533333333333,
    0.99966,
    0.9994666666666666,
    0.9996866666666666,
    0.99956
  ]
}